{"cameraMode":{"drawMode":0,"name":"Shaded","section":"Shading Mode"},"sceneLighting":false,"audioPlay":false,"sceneViewState":{"m_AlwaysRefresh":false,"showFog":true,"showSkybox":false,"showFlares":true,"showImageEffects":true,"showParticleSystems":true,"showVisualEffectGraphs":true,"m_FxEnabled":true},"in2DMode":false,"pivot":{"x":-2.7832841873168947,"y":5.435354709625244,"z":27.126712799072267},"rotation":{"x":0.055817507207393649,"y":0.00860515609383583,"z":0.001436678459867835,"w":0.9987552762031555},"size":6.16690731048584,"orthographic":false}