{"cameraMode":{"drawMode":0,"name":"Shaded","section":"Shading Mode"},"sceneLighting":false,"audioPlay":false,"sceneViewState":{"m_AlwaysRefresh":false,"showFog":true,"showSkybox":false,"showFlares":true,"showImageEffects":true,"showParticleSystems":true,"showVisualEffectGraphs":true,"m_FxEnabled":true},"in2DMode":false,"pivot":{"x":0.44191431999206545,"y":5.275575160980225,"z":-2.062978506088257},"rotation":{"x":0.006776816211640835,"y":-0.9881353378295898,"z":0.145197793841362,"w":0.05640469864010811},"size":2.9140024185180666,"orthographic":false}